{"stats":{"minecraft:crafted":{"minecraft:acacia_planks":28},"minecraft:picked_up":{"minecraft:stick":1,"minecraft:wheat_seeds":1,"minecraft:acacia_sapling":3,"minecraft:acacia_log":7,"minecraft:dirt":2},"minecraft:custom":{"minecraft:jump":16,"minecraft:time_since_rest":3089,"minecraft:leave_game":1,"minecraft:crouch_one_cm":142,"minecraft:sprint_one_cm":1258,"minecraft:play_time":3089,"minecraft:time_since_death":3089,"minecraft:walk_one_cm":2475,"minecraft:sneak_time":72,"minecraft:total_world_time":3089,"minecraft:fall_one_cm":418,"minecraft:fly_one_cm":1901},"minecraft:mined":{"minecraft:grass_block":2,"treechop:chopped_log":1,"minecraft:dirt":2}},"DataVersion":3120}